{"noiseKey":{"private":{"type":"Buffer","data":"oHtGhpuLofIqk0zXAzSF/Ntr3gPmPnb2M8ULi0JX300="},"public":{"type":"Buffer","data":"X7UaUgoH6pVw8JwPJhQyLSZrkOBi5GmVtWsugJiaR1M="}},"pairingEphemeralKeyPair":{"private":{"type":"Buffer","data":"IPBCerVusaS+DrtCaog5IoS9bfPYpniYlNtK1sUOfGs="},"public":{"type":"Buffer","data":"6MuYlf/4g2mF4eat85r/ANX1p55aCm+ZIDZ4yIEqwEQ="}},"signedIdentityKey":{"private":{"type":"Buffer","data":"KNU8UROEn5/uZfC760JAHuEkWaxAHi+IQnN9wq5uK3M="},"public":{"type":"Buffer","data":"9Atoe1fdaOreCuFYg7pOZNhgq++ivxyQiFwVcHrblQg="}},"signedPreKey":{"keyPair":{"private":{"type":"Buffer","data":"cI0UfEB5uI96o0bsuUt+6rZqeYsHYiWqo+5Z0qF8XEo="},"public":{"type":"Buffer","data":"04XzcN1MhqRFq8UxdpHFxLdbjfBjvIB4sQvU9OshpXU="}},"signature":{"type":"Buffer","data":"M8yIrj4ujNy6rUKq6lk3NIdSVMe8O8rTMgIRXNl/bs/ZzGr9229kDZsWZmMiIAnCBeVnT9S5HzRI8lxNp/8PhQ=="},"keyId":1},"registrationId":162,"advSecretKey":"AcIjoK6kBDcUMiT5492f01dHfEdZW7dz1ibnThUN75M=","processedHistoryMessages":[{"key":{"remoteJid":"6287788325782@s.whatsapp.net","fromMe":true,"id":"9B755509731B2AD2B82C3BB5A87CE702"},"messageTimestamp":1728233538},{"key":{"remoteJid":"6287788325782@s.whatsapp.net","fromMe":true,"id":"051F4818732DD2238211DCFF41EA6A51"},"messageTimestamp":1728233538},{"key":{"remoteJid":"6287788325782@s.whatsapp.net","fromMe":true,"id":"42EBF9961D3EC20B60FA47D240DC937E"},"messageTimestamp":1728233545},{"key":{"remoteJid":"6287788325782@s.whatsapp.net","fromMe":true,"id":"8236D4898B9859F7ED14C363D9F8B126"},"messageTimestamp":1728233547}],"nextPreKeyId":2450,"firstUnuploadedPreKeyId":2450,"accountSyncCounter":1,"accountSettings":{"unarchiveChats":false},"deviceId":"B_ycrI8XSUSZkLZZnQW4SA","phoneId":"e9feac4c-dadc-45ba-b080-b914963b99e4","identityId":{"type":"Buffer","data":"hBVaWHWF5mXFhwTMA0QWKgcAUuo="},"registered":true,"backupToken":{"type":"Buffer","data":"tdXM3QtKAAZsaRtpafDZ+J9JdzA="},"registration":{},"pairingCode":"DTNGF5FF","me":{"id":"6287788325782:20@s.whatsapp.net","name":"Ksr Cloud"},"account":{"details":"COmNq5AGEL2Ai7gGGAggACgA","accountSignatureKey":"3cYJaurlnG3+EpvwudFHfSIw394gAR/d2OV+qQnHLFg=","accountSignature":"QARgeAdNZdPw3EvsCB2Ur2LQRby76wUI2yJRg14F1ZcB/tIeU/fPOU3zozqUL2u9+AFCbcwPuBi6O0LjUsYfAg==","deviceSignature":"nb2lWiikyLrQTBUDx5hof4cLrqnRi9VADkua++q+jAcjndkvlIf3UsqSoWp6nRtJZMzcy5rqgh6bgdS4Y69Ihg=="},"signalIdentities":[{"identifier":{"name":"6287788325782:20@s.whatsapp.net","deviceId":0},"identifierKey":{"type":"Buffer","data":"Bd3GCWrq5Zxt/hKb8LnRR30iMN/eIAEf3djlfqkJxyxY"}}],"platform":"smba","lastAccountSyncTimestamp":1730083582,"myAppStateKeyId":"AAAAAJlZ"}